{"cameraMode":{"drawMode":0,"name":"Shaded","section":"Shading Mode"},"sceneLighting":false,"audioPlay":false,"sceneViewState":{"showFog":true,"showMaterialUpdate":false,"showSkybox":true,"showFlares":true,"showImageEffects":true,"showParticleSystems":true},"in2DMode":false,"pivot":{"x":1.1666957139968873,"y":1.1671926975250245,"z":-0.6612874269485474},"rotation":{"x":-0.004508044570684433,"y":-0.9949469566345215,"z":0.08558521419763565,"w":-0.05230206251144409},"size":12.332244873046875,"orthographic":false}